siyam_ref,type,make,application,year,core_size,number_of_rows,inlet_pipe,outlet_pipe,eoc,toc,oems,replaces,category
12246,Plastic/Aluminum Without Frame,Freightliner,"FL120, Century, Classic, Columbia",1997-2006 ,"36"" X 30 5/8"" X 2 3/16""",2,"2 1/2""","2 1/2""",No,No,0516225001 / A0516225001 / 0516255001 / A0516255001 / 0516239002 / 0516255000 / A0516255000 / 0516255001 / 0516255002 / 05163797000 / A05163797000 / 0516380000 / A0516380000 / 1AH000016R / 1AH00062R / 1AH00081 / 1AH00081R / 1AH00081S / 2AH00081 / 310081T / 376753361 / 376761551 / 3AH00200SP / 3AH00243SP / 3AH00277 / 6805000603 / A0516235001 / A0519502009 / A6724 / A6725 / A6726 / A6727 / A6728 / BHT1SA00209 / BHT70012 / BHT68925 / BHTA3724 / BHTA6724 / BHTA6725002 / BHTA6726 / BHTA6727 / BHTA6728 /  BHTA6826 / BHTE0805 / D3774 / E0805 / E0807 / EXO3AH00200SP / EXO3AH00243SP / 11C9091 / 1AH00016R,239136 / 800007PT / 2001-1707 / HDC010007PA / 437157 / CTVTX80472 / FRE07,ptr
12325,Plastic/Aluminum Without Frame,Freightliner,"FLD, Century, Classic XL, Sterling 9500 series, Coronado 36""",2002-2007,"36"" X 38 1/2"" X 1 7/8""",2,"2 1/2""","2 1/2""",No,No,376761591 / 140052W / 376761591 / A4726 / A4727 / A4738 / A4739 / B4742 / B7472 / B7473 / BHAA4738 / BHTA4726 /  BHTB4742 / BHTB7472 / BHTC2237 / BHTE3758 / BHTE3760 / BHTE4812 / BHTE6125 / BHTV0225001 / C2237 / C2238 / E3758 / E3759 / E4812 / E4814 / SN20050814224835 / V0225001 / Z0225001 / BHT7472 / BHTA4738,239142 / 800020PT / 2001-1710 / 437398 / HDC010021PA / CVTM80673 / FRE20,ptr
12330,Plastic/Aluminum Without Frame,Freightliner,"M2 112, Century, Columbia series with Detroit series MBE",2004-2007,"41 13/16"" X 30 5/8"" X 2 3/16""",2,"2 1/2""","2 1/2""",No,No,0520514001 / 376761541 / A0519870002 / A0519870003 / A0519870011 / A0519870013 / A0519870017 / A0519870019 / A9986 / A9988 / BHT2315 / BHTA9986 / BHTA9988 / BHTC2315 / BHTD9546 / BHTD9547 / BHTE7236 / BHTU3692001 / BHTU3698 / BHTU3698001 / C2315 / E7236 / E7237 / H5466 / U3692001 / U3698001 / U3780001 / A0519870009 / A0519870015,239138 / 800022PT / FRE22 / 2001-1711 / 437601 / HDC010023PA / FLX000235 / CVTM80593,ptr
12333,Plastic/Aluminum Without Frame,Freightliner,Century series / Coronado,2003-2006,"38"" X 38 1/2"" X 1 7/8""",2,"2 1/2""","2 1/2""",No,No,B5323 / BHT25323 / BHTB5323 / 2003062615805 / 376761601 / 75080 / 75084 / B5325 / BHT75080 / BHT75084 / BHTC8987 / C8987 / C8989 / BHTB5325 / BHTC8989 / 75084100 / BHTB6291 / B6291 / BHTD9576 / D9576 / BHT75048,239010 / 800051PT / 2001-1712 / 437260 / FRE13 / CTVTM82623 / HDC010088PA,ptr
12338,Plastic/Aluminum Without Frame,Freightliner,Columbia / Cascadia / Century,2008-2015,"42"" X 37 3/4"" X 2 3/16""",2,"2 1/2""","2 1/2""",No,Yes,376792711 / 0524936002 / 0526615020 / 0526620002 / 0526620004 / 0527743002 / 0527749000 / 0527749005 / 0529617002 / 0529617005 / 1A0201190020 / 3E011860004 / 3E0120430002 / A0524936002 / A0526615010 / A0526615020 / A0526615022 / A0526620004 / A0527743002 / A0527749002 / 529617005 / 527749005 / 527749002 / 526620004 / 05-24936-002 / 05-26615-020 / 05-26620-002 / 05-26620-004 / 05-27743-002 / 05-27749-000 / 05-27749-002 / 05-29617-002 / A05-24936-002 / A05-26615-010 / A05-26615-020 / A05-26615-022 / A05-26620-004 / A05-27743-002 / A05-27749-002 / 3E0118600004 / 3S0581790002 / MOD3S0581790002 / 3E01186004 / 1A020119020 / 05-34048-000 / 0534048000 / A05-34049-000 / A0534049000,239086 / 800068PT / FRE68 / 2001-1725 / HDC010117PA / 437248P / CTAVTM83033 / 613RA068,ptr
12377,Plastic/Aluminum with frame,Freightliner,Cascadia,2017-2023,"35 1/16"" X 38 1/2"" X 2 3/16""",2,"2 1/2""","2 1/2""",No,No,TXE1003850 / TXE1003850D / 1003850 / TXE1102843C / 1102843 / TXE1004004B,800131PTWF / TXE1003850 / 1102843C / TXE1004004B / 1102837C / FRE131F,ptr
12377-XB,Plastic/Aluminum Without Frame,Freightliner,Cascadia,2017-2023,"35 1/16"" X 38 1/2"" X 2 3/16""",2,"2 1/2""","2 1/2""",No,No,TXE1003850 / TXE1003850D / 1003850 / TXE1102843C / 1102843 / TXE1004004B,800131PT / TXE1003850 / 1102843C / TXE1004004B / 1102837C / FRE131,ptr
12377-AS,Plastic/Aluminum with frame,Freightliner,Cascadia,2017-2023,"35 1/16"" X 38 1/2"" X 2 3/16""",2,"2 1/2""","2 1/2""",No,Yes,TXE1003849 / TXE1003849D / A0533218003 / TXE1003850 / TXE1003850D / 1003850,238847 / 800128PTWF / TXE1003849D / TXE1003850 / HDC011225 / TXE1102845 / FRE130F,ptr
12377-AXB,Plastic/Aluminum Without Frame,Freightliner,Cascadia,2017-2023,"35 1/16"" X 38 1/2"" X 2 3/16""",2,"2 1/2""","2 1/2""",No,Yes,TXE1003849 / TXE1003849D / A0533218003 / TXE1003850 / TXE1003850D / 1003850,238848 / 800128PT / TXE1003849D / TXE1003850 / TXE1102845 / FRE130,ptr
12497,Plastic/Aluminum Without Frame,Freightliner,Cascadia / Century / Columbia,2008-2015,"42"" X 37 3/4"" X 2 3/16""",2,"2 1/2""","2 1/2""",No,Yes,376792711 / 0526620005 / 0527749003 / 0529617003 / 0529617009 / 1A0201190021 / 3E01228 / 3E0122800003 / A0526615021 / A0526620005 / A0527749003 / A0529617003 / 3S0582180003 / 0524936001 / 0524936003 / 052660005 / 0526620003 / 0529617007 / 3A0573270009 / 3E0122690003 / 3S0581790003 / A0526615015 / A0527743003 / A0529627019 / MOD3S0581790003 / MOD3S0581790001 / PH1695HB64 / 3S0581790003 / 3S0581790001 / 3S581791 / 3S581793 / 0531114003 / 0534048001 / A05-34049-001 / A0534049001 / 3A0581790003,238611 / 800073PT / 613RA073 / 437249 / CTAVTU83143 / 2001-1723 / HDC010113PA / FRE64,ptr
12497-SB,Plastic/Aluminum with frame,Freightliner,Cascadia / Century / Columbia,2008-2015,"42"" X 37 3/4"" X 2 3/16""",2,"2 1/2""","2 1/2""",No,Yes,376792711 / 0526620005 / 0527749003 / 0529617003 / 0529617009 / 1A0201190021 / 3E01228 / 3E0122800003 / A0526615021 / A0526620005 / A0527749003 / A0529617003 / 3S0582180003 / 0524936001 / 0524936003 / 052660005 / 0526620003 / 0529617007 / 3A0573270009 / 3E0122690003 / 3S0581790003 / A0526615015 / A0527743003 / A0529627019 / MOD3S0581790003 / MOD3S0581790001 / PH1695HB64 / 3S0581790003 / 3S0581790001 / 3S581791 / 3S581793 / 0531114003 / 0534048001 / A05-34049-001 / A0534049001 / 3A0581790003,238684 / 800073PTWF / 437249PF / HDC010113PAF / FRE64F,ptr
12500,Plastic/Aluminum Without Frame,Freightliner,Cascadia,2012-2019,"35 11/16"" X 37 3/4"" X 2 3/16""",2,"2 1/2""","2 1/2""",No,Yes,0530675003 / 0530676001 / 3A0579670001 / 530675003 / A0530676003 / 3E0137640003 / 0530675001,238647 / 800104PT / 437425 / 20011738 / 613RA1320 / HDC010831PA / FRE91 / 1A0210000001 / 3S0580800001,ptr
12500-SB,Plastic/Aluminum with frame,Freightliner,Cascadia,2012-2019,"35 11/16"" X 37 3/4"" X 2 3/16""",2,"2 1/2""","2 1/2""",No,Yes,0530675003 / 0530676001 / 3A0579670001 / 530675003 / A0530676003 / 3E0137640003 / 0530675001,238794 / 800104PTWF / 437425PFB / 613RA1320 / HDC010831PAFB / FRE91FB / 1A0210000001 / 3S0580800001,ptr
12503,Plastic/Aluminum Without Frame,Freightliner,M2 / 106 Business Class,2008-2018 ,"29 11/16"" X 30 5/8"" X 1 7/8""",2,"2 1/2""","2 1/2""",No,Yes,0525194001 / 0525194003 / 0525194007 / 0528483001 / A0525423001 / A0525423003 / A0525423005 / A0525423007 / A0528481000 / A0528481001 / A0530693000 / A0530693001 / A0530693002 / A0530693003,238615 / 900051PT / 611RA951 / 20011743 / HDC010664PA / CTAVTU8423 / BHTCU077001 / BHTN4142001 / 437238 / FRE79,ptr
12534,Plastic/Aluminum Without Frame,Freightliner,Freightliner M2 / M2 106 Business Class / Sterling Acterra Q,2008-2023,"34"" X 30 5/8"" X 1 7/8""",2,"2 1/2""","2 1/2""",No,Yes,0525340003 / 0525340007 / 0525340011 / 0525340015 / 0525424009 / 0528484001 / A0525424001 / A0525424003 / A0525424009 / A0525424011 / BHTP4022001 / BHTR6069100 / BHTS2726001 / BHTT3153001 / BHTX5435001 / P4022001 / R6069100 / R6374001 / S2726001 / T3153001 / W4839001 / W4843001 / W48302001 / X5435001 / 05-37140-000 / 0537140000 / BHTR6374001 / BHTT3152001 / T3152001 / 0525340001 / A0530696003 / BHTX5432001 / X5432001 / BHTR6069001 / R6069001 / N3086001 / BHTCU078001 / CHS23 / W4840001 / BHTCU080001 / 0525340009 / 05-25340-009 / CU078001 / 0537143000,239087 / 900050PT / FRE66 / 437272 / 2001-1744 / HDC010098PA,ptr
12560-XB,Plastic/Aluminum Without Frame,Freightliner,Coronado CC / CD / Western Star,2008-2013,"40 2/16'' X 40 13/16'' X 2 3/16""",2,"2 1/2""","2 1/2""",No,Yes,0528637003 / 0529621001 / 0530350001 / 0530350003 / 0530530003 / 1A0208160000 / 3A0573350003 / A0528636003 / A0529631001,238635 / 800083PT / HDC010853PA / 437269P / TR8635 / 3S0583640003 / FRE86,ptr
12315,Plastic/Aluminum with frame,Hino,Hino 258 / 268 / 338,2011-2015,32 1/2''X 24 3/4'' X 1 5/8'',2,"2 3/16""","2 3/16""",No,Yes,16400E0E30 / 16400E0E31 / 16400E0810 / S16A0E1720,238844 / 590029PTWF / S16A0E1720 / 2230004340 / HDC011223PAF / HIN15F,ptr
12764-SB,Plastic/Aluminum with frame,Hino,338 Series ,2016-2022,"32 1/4"" x 25"" x 1 7/8""",2,"2 5/16""","2 5/16""",No,Yes,16400E0E62,238931 / HDC011285PAF / 590036PTWF / HIN16FB,ptr
12360,Plastic/Aluminum Without Frame,International,5900i / 8600 / 9100 / 9100i / 9200 / 9200i / 9400 / 9400i / 9900ix / Prostar,2007-2009,"40 3/16 "" X 25 1/2"" X 2 3/16""",2,"2 1/2""","2 1/2""",No,No, 2591554C91 / 2591558C91 / 2591559C91 / 3E0113500000 / 50341794601 / 58011201669 / 5801201667,238602 / 640020PT / 20013533 / 437307 / HDC010237PA / LRHD802556 / CVTM81433 / 1S180197 / HD208001 / NAV19,ptr
12397,Plastic/Aluminum Without Frame,International,3000-4600 / Ford F650-F700,2002-2007, 20 1/2'' X 25 2/16'' X 2 3/16'',2,"2 1/4""","2 1/4""",No,Yes,2504903C91 / 2504903C92 / 2504903C93 / 2505509C93 / 25686048C92,238678 / 640012PT / 437389 / 20013531 / SRM6125AT / CVTX61252 / HDC010243PA / 615RA008 / BTC7365 / NAV12,ptr
12535,Plastic/Aluminum Without Frame,International,3800 / 4100 / 4200 / 4300 / 4400 / BE and CE Bus / Ford F650 / F750,2008-2012,"28 4/7"" X 24 3/4"" X 2 3/16""",2,"2 1/4""","2 1/2""",No,Yes,2593282C91 / 2593294C91/ 2593295C91/ 2593295C92/ 3E115120000,238639 / 640069PT / 20013534 / HDC010225PA / 437280P / NAV30,ptr
12557-XB,Plastic/Aluminum Without Frame,International,Navistar LT625 15.0L,2017 & newer,"34 1/18"" X 37 3/4"" X 1 1/2""",2,"2 1/2""","2 1/2""",No,Yes,2516107C91,640125PT / 238902 / HDC011265PA / NAV90 / 437556P,ptr
12361,Plastic/Aluminum Without Frame,Kenworth / Peterbilt,Kenworth T800 / T880 / Peterbilt 335 / 365-367 / 567,2008-2015,37'' X 38 1/2'' X 1 7/8'',2,"2 1/2""","2 1/2""",No,No,N3985001 / N3985002 / N3985003 / F3161011101110 / F3161011101120 / F3161011102110 / F3161011111110,238624 / 770016PT / SER77164LH / PET18 / KW69 / 437441 / CTVTU82873 / HDC010176PA / 20012508 / HD205004,ptr
12361-SB,Plastic/Aluminum with frame,Kenworth / Peterbilt,Kenworth T800 / T880 / Peterbilt 335 / 365-367 / 567,2008-2022,37'' X 38 1/2'' X 1 7/8'',2,"2 1/2""","2 1/2""",No,No,N3985001 / N3985002 / N3985003 / F3161011101110 / F3161011101120 / F3161011102110 / F3161011111110,238872 / 770016PTWF / SER77164LH / PET18F / KW69 / 437441PF / CTVTU82873 / HDC010176PAF,ptr
12364,Plastic/Aluminum Without Frame,Kenworth / Peterbilt,Kenworth W900 / Peterbilt 365 / 367 / 388 / 389,2008-2023,42 15/16'' X 38 1/2'' X 1 7/8'',2,"2 1/2""","2 1/2""",No,No,N9414001 / N9414002 / N9414003 / F3160851101310 / F3160851101330 / F3160851101340,238625 / 770017PT / SER77174LH / BTC7390 / 437442 / CVTM82763 / HDC010175PA / 20013704 / F3160852102520 / PET19,ptr
12366,Plastic/Aluminum Without Frame,Kenworth / Peterbilt,W900 / T400 series / Peterbilt 384 & 386,2008-2022,36 1/16'' X 36 1/8'' X 1 7/8'',2,"2 1/2""","2 1/2""",No,No,N4028001 / N4028002 / N4028003 / N4028004 / F3160921101320 / F3160921111320 / F3160922101320,238648 / 770021PT / 633RA021 / 437443 / HD201001 / 20012512 / HDC010173PA / BHTH4102 / PET20,ptr
12369,Plastic/Aluminum Without Frame,Kenworth / Peterbilt,Kenworth T300 / T370 / Peterbilt 330 / 335 / 340,2008-2010,22 1/4'' X 38 1/2'' X 1 7/8'',2,"2 1/2""","2 1/2""",No,No,N3994001 / N3994002 / N3994003 / F3161221302120 / F3161221222110 / F3161221222110 / F3161221202110,238630 / 770014PT / 633RA014 / 437399 / CTVTM82893 / 20012511 / PET16 / HDC010178PA / N3994003 / F3161221302120,ptr
12370-XB,Plastic/Aluminum Without Frame,Kenworth / Peterbilt,Kenworth T680 / T880 / T2000 / Peterbilt 365 / 367 / 387 / 587 / 579,2008-2021,34 1/16''X 38 1/2'' X 1 7/8'',2,"2 1/2""","2 1/2""",No,No,N8061001 / N3800001 / N3800002 / N3800003 / N3800004 / F3160891233640 / F3160893104060,238631 / 770015PT / PET17 / 437440 / HD205005 / 20013705 / HDC010177PA / N3800004 / F3160891233640 / F316089,ptr
12370-SB,Plastic/Aluminum with frame,Kenworth / Peterbilt,Kenworth T680 / T880 / T2000 / Peterbilt 365 / 367 / 387 / 587 / 579,2008-2017,  34 1/16'' X 38 1/2'' X 1 7/8'',2,"2 1/2""","2 1/2""",No,No,N8061001 / N3800001 / N3800002 / N3800003 / N3800004 / F3160891233640 / F3160893104060,238874 / 770015PTWF / PET17FC / HD205005 / HDC010177PAF / N3800004 / F3160891233640 / F316089,ptr
12398,Plastic/Aluminum Without Frame,Kenworth,Kenworth T660 / W900 / T880 / W900L,2006-2024 ,40 7/16 ''X 30 5/8'' X 1 7/8'',2,"2 1/2""","2 1/2""",No,No,N4020001 / N4020002 / F3160881101100 / F3160881101120,238638 / 650017PT / 20012507 / KW8174 / CVTM81743 / HD205008 / HDC010492PA / 437275 / N4020002 / KEN14,ptr
12573-XB,Plastic/Aluminum Without Frame,Kenworth / Peterbilt,Kenworth T680 / Peterbilt 579,2018-2024,"34 1/11"" X 37 12/16"" X 1 1/2""",2,"2 1/2""","2 1/2""",No,No,HK179100 / HK179001 / 2401749 / F3112541101211 / F3112541102211 / F3112541111211 / F3112541111221,238900 / 650032PT / 437565 / PET40,ptr
12573-SB,Plastic/Aluminum with frame,Kenworth / Peterbilt,Kenworth T680 / Peterbilt 579,2018-2021,"34 1/11"" X 37 12/16"" X 1 1/2""",2,"2 1/2""","2 1/2""",No,No,HK179100 / HK179001 / 2401749 / F3112541101211 / F3112541102211 / F3112541111211 / F3112541111221,238901 / 650032PTWF / 437565F / PET40F,ptr
12616-XB,Plastic/Aluminum Without Frame,Kenworth / Peterbilt,Kenworth T680 / Peterbilt 579,2022-2024,"40"" X 30"" X 1 7/8""",2,"2 1/2""","2 1/2""",No,No,PY091001,238927 / HDC011286PA / PET42,ptr
12496,Plastic/Aluminum Without Frame,Mack / Volvo,Volvo VNL / VNM / CT / CV / Mack Vision / Granite / Pinnacle,2008-2019,"40 7/16"" X 33 4/5"" X 1 7/8""",2,"2 1/2""","2 1/2""",No,Yes,22234461 / 1016491 / 20956552 / 20956564 / 21146403 / 21146404 / 21298076 / 21504536 / 21504548 / 21593032 / 21593038 / 22644024,239047 / 800052PT / 437435 / CAVTM81723 / HD203003 / 20014608 / HDC010133PA / 1102947 / P6861003 / 20956552 / VOL03,ptr
12496-SB,Plastic/Aluminum with frame,Mack / Volvo,Volvo VNL / VNM,2008-2019,"40 7/16"" X 33 4/5"" X 1 7/8""",2,"2 1/2""","2 1/2""",No,Yes,22234461 / 1016491 / 20956552 / 20956564 / 21146403 / 21146404 / 21298076 / 21504536 / 21504548 / 21593032 / 21593038 / 22644024,238726 / 800052PTWF / 437435PF / CAVTM81723 / HDC010133PAF / 1102947 / P6861003 / 20956552 / VOL03F,ptr
12506,Plastic/Aluminum Without Frame,Mack / Volvo,Mack CHU series / CHN series / GU granite models / Volvo VHD series,2008-2023,"39 3/9"" X 33 4/5"" X 1 7/8""",2,"2 1/2""","2 1/2""",No,Yes,21000184 / 21000185 / 21095128 / 21504538 / 21504550,239048 / 730018PT / 437223 / MAC19 / CTAVTU83534 / HD201701 / HDC010199PA / 20013017 / 8MK376761651 / S5587002,ptr
12558-XB,Plastic/Aluminum Without Frame,Mack / Volvo,Volvo VN series / Mack CHN / CXN,2003-2007,35 7/16'' X 34 3/16'' X 1 7/8'',2,"2 1/2""","2 1/2""",No,Yes,20370258 / 20370259 / 20461059 / 20461069 / 20461073 / 20485886 / 20516408 / 20516412,239156 / 800040PT / VOL40 / 637RA040 / 437432 / 20014603 / HDC010142PA / CTVTM60033 / ACTSA600344N / FLX000604,ptr
12536,Plastic/Aluminum Without Frame,Bluebird,Vision ,2003-2006 ,"25"" x 25"" x 2 3/16""",2,"2""","2""",No,Yes,0060348 / 0065509 / 0115577 / 097908 / 10007026 / 10007027 / 10007088 / 1003730 / 1050105 / 1050106 / 1050150AR / 1050150BB / 1050228 / 1102464A / 5071501 / 05071501 / 733477 / 00109048 / 1050105BB / 1102464AS,239283 / 310011PT / 437217P / BLU08 / HDC010322PA,ptr
12627,Plastic/Aluminum Without Frame,Bluebird,All American HDFE 3000 / Also fits various Freightliner & Oshkosh models,2007-2023,"29 5/8"" x 25 1/8"" 2 3/16""",2,"2""","2""",No,No,1003471 / 00010507 / 0010507 / 1948066 / 015635622 / 00115578 / 0115578 / 1102480 / 10014205,239172 / FRE76 / HDC010319PA / 437284P /  310017,ptr
12635-SB,Plastic/Aluminum With Frame,Bluebird,"Vision with Cummins ISB 25"" / CV with Ford 6.8",2007-2021,"25"" x 25 1/8"" x 2 3/16""",2,"2""","2""",No,Yes,1003754,239084 / HDC010893PAF / BLU11F,ptr
12625,Plastic/Aluminum Without Frame,Freightliner / Thomas ,C2 Bus,2010-2017,"29 5/8"" x 25 1/8"" x 2 3/16""",2,"2""","2""",No,Yes,VAB 1102619 / 1102619  / VAB 1102906 /1003748 ,238619 / HDC010883PA / 437424P / 310081 / FRE37,ptr
12625-SB,Plastic/Aluminum With Frame,Freightliner / Thomas ,FLT C2 model / Thomas Bus B2 ,2010-2017,"29 5/8"" X 24 5/16"" X 2 3/16""",2,"2""","2""",No,Yes,1004036 /1003748 / 1040293 ,238740 / 310021 / 20011721 / 437290PF / HDC010883PAF  / FRE37F,ptr
12628,Plastic/Aluminum Without Frame,Freightliner / Thomas ,EF Cabover Front Engine,2007-2017,"27 1/2"" x 25 1/8"" x 2 3/16""",2,"2""","2""",No,No,1003749 / 1040383 / 1102621 / VAB1003749 / VAB1050208 / VAB1102621 / 1102908  / 10010214 ,238620 / HDC010892PA / FRE35 / 437459P,ptr
12629,Plastic/Aluminum Without Frame,Freightliner / Thomas , HDX RE with DD8 engine,2015+,"27 1/2"" x 31 13/16"" x 2 3/16""",2,"2 1/2""","2 1/2""",No,No,1102974,238926 / HDC011284PA / FRE155,ptr
FL-032-SS,Bolt-on Copper/Brass,Freightliner,FLD 112 / FLD120 / FLD132 & Classic XL & Detroit Diesel Series 60-500 HP,1992-2005,"37"" X 31 7/8"" X 2 7/16""",Standard Core,4 Rows Louvered Serpentine Fins,"2 1/2""","3""",No,1050082 / 1AC00002 / 1AC00027 / 1AC00035R / 1AC00035S / 2AC00035 / 376753451 / 516366001 / A0512800002 / A0512800004 / 555603OEM,239311 / 800021BT / 613RA021 / 437368 / 21011701 / HDC010005SK / CVTU56034 / FRE21,bt
FL-033-SS,Bolt-on Copper/Brass,Freightliner,FLD 112 / FLD120 / FLD132 & Classic XL & Detroit Diesel Series 60-500 HP,1985-1998,"37"" X 31 7/8"" X 2 7/16""",Standard Core,4 Rows Louvered Serpentine Fins,"2 1/2""","3""",No,1050082 / 1AC00002 / 1AC00027 / 1AC00035R / 1AC00035S / 2AC00035 / 310011T / 376753451 / A0512800002 / A0512800004 / A0516355001 / A0516366001 / A0516366004,HDC010380SK / 3AC00022SP / A0512800000 / FLX000226 / SRM5603B / CVTU56034 / FRE21S,bt
KW-008-SS,Bolt-on Copper/Brass,Kenworth,W900L Series,1991-1999,"40"" X 28 1/2"" X 2 7/16""",Standard Core,4 Rows Louvered Serpentine Fins,"2 1/2""",Flange mount Bolt on type,No,1030510201 / 1A020259 / 2723B / D46007471 / X510201 / X510203 / X51021 / X560208 / X56028,239327 / 2723B / CVTU80484 / 437598 / 650007BT / 21012505 / HDC010216SK / KEN18,bt
KW-011-SS,Bolt-on Copper/Brass,Kenworth,T600 / T700 / T800 / W900 with CAT C15 500HP Engine,1988-2007,"40"" X 28 1/2"" X 2 7/16""",Standard Core,4 Rows Louvered Serpentine Fins,"2 1/2""","3""",No, X4048 / X404802 / X510102 / X51012 / X560108 / X560110 / X56018 / X561010 / X520101 / X52011 / ,239312 / 5562135 / 650006BT / 21012503 / SRM6213 / CVT62134 / 437362 / HDC010626SK / KEN06,bt
KW-012-SS,Bolt-on Copper/Brass,Kenworth,T600 / T800,2003 - 2007,"40"" X 28 1/2"" X 2 7/16""",Standard Core,4 Rows Louvered Serpentine Fins,"2 1/2""","2 1/2""",No,5562133 / 5562134 / 5562135 / X560120 / X560109 / X5601-20 / X5601-09,239158 / 650020BT / TR9158 / SCSI239158 / 437600 / CVT82584 / HDC010443SK / KEN12 / FLX000330,bt
PT-011-SS,Bolt-on Copper/Brass,Peterbilt,Peterbilt 357 / 375 / 377 / 378 / 379,1995 - 2007,"36 1/4"" X 34 1/2"" X 2 7/16""",Standard Core,4 Rows Louvered Serpentine Fins,"2 1/2""","3""",No,0706657A011 / 0706657A012 / 0706657A013 / 0706657A032 / 0706657A033 / 0706657A040,239208 / 5580364 / 770006BT / BTC1100R / 21013701 / CVT80364 / HDC010181SK / 437396S / PET10,bt
PT-014-SS,Bolt-on Copper/Brass,Peterbilt,Peterbilt 357 / 377 / 379 / 385 / 386 / 387 Series without Surge Tank,2003-2006,"36 1/4"" X 34 1/2"" X 2 7/16""",Standard Core,4 Rows Louvered Serpentine Fins,"2 1/2""","3""",No,0706657A015 / 0706657A038 / 0706657A041 / 0706657A050 / 0706657A074 / 17200011720166 / 1A17043 / 1A17047 / 1A18283 / 1A19577,239298 / 558076 / 770011BT / CVT80764 / FLX000515 / 21013706 / HDC011011 / 1A19461 / CVT-8076-4 / PET12,bt
PT-020-SS-F,Bolt-on Copper/Brass,Peterbilt,Peterbilt 357 / 375 / 377 / 378 / 379,1987-1994,"36 1/4"" X 34 1/2"" X 2 7/16""",Standard Core,4 Rows Louvered Serpentine Fins,"2 1/2""","3""",No,0705678A001 / 076657A013 / 076657A032 / 076657A038 / 076657A040 / 0705678A002 / 0750676A008 / 0706657A032 / 0706657A031 / 0706557A030 / 0705716A010 / 0705678A028 / 07-05678A028,770019BT / HDC010032SK / 21013701 / CVTU-8128-4 / PET14 / FLX000509 / SRM8036NSPL / BTC1102R,bt
PT-025-SS,Bolt-on Copper/Brass,Peterbilt,Peterbilt 357 / 375 / 377 / 378 / 379,1995 - 2007,"36 1/4"" X 34 1/2"" X 2 7/16""",Standard Core,4 Rows Louvered Serpentine Fins,"2 1/2""","3""",No,0706657A011 / 0706657A012 / 0706657A013 / 0706657A032 / 0706657A033 / 0706657A040,same as unit PT-011-SS but with universal mounts for CAC and Condeser assembly,bt
WS-001-SS,Bolt-on Copper/Brass,Western Star,4964 Heritage / 5964 SBA ,1995-2002,"34"" X 35"" X 2 7/16""",Standard Core,4 Rows Louvered Serpentine Fins,"2 1/2""",Flanged outlet left,No,1A0158540000 / 1A15463 / 1A15854G / 1E0158540000 / 1S0158540000 / 3A38190D,238600 / 800084BT / 639RA084 / WES84 / HDC010866SK / 200013480,bt
IC033,Tube & Fin Powder Coated,Freightliner / Sterling,"CL Series Columbia, Century, M2 112",2004-2007,"37"" X 26 1/4"" X 1 15/16""",1,"4""","4""",1E6017 / BHTD3525 / BHTA3562 / BHTC2320 / BHTD59279 / 818964 / BHTD3523 / A0519870001 / A0519870002 / A0519870003 / A0519870011,222194 / HDH010244 / 441237 / 4401-1715 / CAC107F / FRT18122 / FLX010219 / SRMFR5T ,,,cac
IC033BP,Bar & Plate Powder Coated,Freightliner / Sterling,"CL Series Columbia, Century, M2 112",2004-2007,"37"" X 26 1/4"" X 1 15/16""",1,"4""","4""",1E6017 / BHTD3525 / BHTA3562 / BHTC2320 / BHTD59279 / 818964 / BHTD3523 / A0519870001 / A0519870002 / A0519870003 / A0519870011,HDH010244BP,,,cac
IC034,Tube & Fin Powder Coated,Freightliner,"Cascadia, Columbia, Century  /  Western Star 4900EX, FA, SA",2008-2013,"34 11 / 13"" X 32 1 / 2"" X 2 1 / 2""",1,"4""","4""",0130358000 / 0130457000 / 0130457002 / 0131241000 / 299136001 / 3E011849001 / 3E011849002 / 3E118471 / 3E118491 / 3E118530001 / A0525301002 / A0525301006 / A0526614040 / A0526614042 / A0526614044 / A0526614045 / A0526614046 / A0526614048 / A0526614050 / A0526614084 / A0526614086 / A0526614087 / A0526614088 / A0526614090 / A0526614092 / A0526614092 / A0526614094 / A0526615008 / A0526615010 / A0526615012 / A0526615014 / A0526615020 / A0526615022 / A0526616016 / A0526616017 / A0526616018 / A0526616020 / A0526616022 / A0527741030 / A0527743008 / A0527743010 / A05277430111 / A0527745024 / A0527745026 / A0527745027 / A0527745040 / A0527745046  /  131241002,222235  /  HDH010551  /  FRT18127  /  441240  /  4401-1719  /  CAC354  /  FLX010243  /  SRMFR6L,,,cac
IC034BP,Bar & Plate Powder Coated,Freightliner,"Cascadia, Columbia, Century  /  Western Star 4900EX, FA, SA",2008-2013,"34 11 / 13"" X 32 1 / 2"" X 2 1 / 2""",1,"4""","4""",0130358000 / 0130457000 / 0130457002 / 0131241000 / 299136001 / 3E011849001 / 3E011849002 / 3E118471 / 3E118491 / 3E118530001 / A0525301002 / A0525301006 / A0526614040 / A0526614042 / A0526614044 / A0526614045 / A0526614046 / A0526614048 / A0526614050 / A0526614084 / A0526614086 / A0526614087 / A0526614088 / A0526614090 / A0526614092 / A0526614092 / A0526614094 / A0526615008 / A0526615010 / A0526615012 / A0526615014 / A0526615020 / A0526615022 / A0526616016 / A0526616017 / A0526616018 / A0526616020 / A0526616022 / A0527741030 / A0527743008 / A0527743010 / A05277430111 / A0527745024 / A0527745026 / A0527745027 / A0527745040 / A0527745046  /  131241002,HDH010551BP,,,cac
IC035,Tube & Fin Powder Coated,Freightliner,"M2 112 X12 / DD13, Cascadia, Columbia, Century  /  Western Star 5700, 4700SF DD13, 4900EX, FA, SA ",2008-2022,"34 3 / 4"" X 26"" X 2 1 / 2""",1,"4""","4""",0131242000 / 0131242002 / 0531040006 / 0531040007 / 0531114002 / 0531114003 / 3E0118500001 / 3E0137530001 / 3E013841 / 3E118500001 / 3S0137530001 / 3S0137531 / 3S0139230001 / 3S118501 /  / 3S137531 / A0526614012 / A0526614013 / A0526614016 / A0527743000 / A0527743001 / A0527743002 / A0527743003 / A0527743006 / A0527745000 / A0527745002 / A0527745006 / A0527745016 / A0527745017 / A0527745018 / A0527745019 / A0527745020 / A0527745021 / A0527745032 / A0527745034 / A0527745036 / A0527745037 / A0527745038 / A0527745048 / A0527745049 / A0527745050 / A0527745053 / A0527745054 / A0527745056 / A0527745058 / A0527745060 / A0527745062 / A0529627000 / A0529627003 / A0529627019 / A0529629002 / A0530033000 / A0530033001 / A0530033003 / A0530033004 / A0530033005 / A0530033007 / A0530357000 / A0530357001 / A0530357003 / A0530357004 / A0530357005 / A0530357007 / A0530602003 / A0530676000 / A0530676001 / A053067002 / A0530676003 / 3S118501 / 3S0137531 / 3S013753001 / A0527743004 / A0527745004,222263  /  HDH010571  /  BHTD9454  /  FRT18132  /  4401-1728  /  CAC399  /  FLX010244  /  SRMFR6E  /  441283,,,cac
IC035BP,Bar & Plate Powder Coated,Freightliner,"M2 112 X12 / DD13, Cascadia, Columbia, Century  /  Western Star 5700, 4700SF DD13, 4900EX, FA, SA ",2008-2022,"34 3 / 4"" X 26"" X 2 1 / 2""",1,"4""","4""",0131242000 / 0131242002 / 0531040006 / 0531040007 / 0531114002 / 0531114003 / 3E0118500001 / 3E0137530001 / 3E013841 / 3E118500001 / 3S0137530001 / 3S0137531 / 3S0139230001 / 3S118501 /  / 3S137531 / A0526614012 / A0526614013 / A0526614016 / A0527743000 / A0527743001 / A0527743002 / A0527743003 / A0527743006 / A0527745000 / A0527745002 / A0527745006 / A0527745016 / A0527745017 / A0527745018 / A0527745019 / A0527745020 / A0527745021 / A0527745032 / A0527745034 / A0527745036 / A0527745037 / A0527745038 / A0527745048 / A0527745049 / A0527745050 / A0527745053 / A0527745054 / A0527745056 / A0527745058 / A0527745060 / A0527745062 / A0529627000 / A0529627003 / A0529627019 / A0529629002 / A0530033000 / A0530033001 / A0530033003 / A0530033004 / A0530033005 / A0530033007 / A0530357000 / A0530357001 / A0530357003 / A0530357004 / A0530357005 / A0530357007 / A0530602003 / A0530676000 / A0530676001 / A053067002 / A0530676003 / 3S118501 / 3S0137531 / 3S013753001 / A0527743004 / A0527745004,HDH010571BP,,,cac
IC064,Tube & Fin Powder Coated,Freightliner,Cascadia / Western Star 57X,2018-2024,"36 1/2"" x 26 1/2"" x 2""",1,"4""","4""",1030486 / 1030523 / 1030486A / 1030523A,222378 / HDH010808 / FRT18149 / 441364 / CAC534,,,cac
IC038,Tube & Fin Powder Coated,International,"Navistar I-Series 8600, 9400, 9900, 9400I, 9900I, 9900IX",2003-2006,"30 1/4"" X 15 7/8"" X 4""",1,"4""","4""",1E5122 / 1E5302 / 1E5612 / 1E5632 / 1E5651 / 1S0051220000 / 1S0056510000 / 1S180085 / 1S180086 / 1S180093 / 1S180109 / 1S5122 / 1S5302 / 1S5612 / 1S5632 / 1S5651 / 2504855C1 / 2505700C1 / 2508455C1 / 2585977C1 / 2586894C91 / 2587174C91 / 2587175C91 / 2587176C91 / 2587177C91 / 2587178C91 / 2588057C91 / 2588058C91 / 2588059C91 / 2588400C91 / 3580887F91 / 3E10012 / 3E9738,222192 / HDH010311 / 4401-3508 / CAC137 / NAV16417R / 441265 / FLX010725 / SRMIHC6D,,,cac
IC038BP,Bar & Plate Powder Coated,International,"Navistar I-Series 8600, 9400, 9900, 9400I, 9900I, 9900IX",2003-2006,"30 1/4"" X 15 7/8"" X 4""",1,"4""","4""",1E5122 / 1E5302 / 1E5612 / 1E5632 / 1E5651 / 1S0051220000 / 1S0056510000 / 1S180085 / 1S180086 / 1S180093 / 1S180109 / 1S5122 / 1S5302 / 1S5612 / 1S5632 / 1S5651 / 2504855C1 / 2505700C1 / 2508455C1 / 2585977C1 / 2586894C91 / 2587174C91 / 2587175C91 / 2587176C91 / 2587177C91 / 2587178C91 / 2588057C91 / 2588058C91 / 2588059C91 / 2588400C91 / 3580887F91 / 3E10012 / 3E9738,HDH010311BP,,,cac
IC042,Tube & Fin Powder Coated,Kenworth,T600A / T600 / T800,1994-2006,"28 1/4"" X 27 1/4"" X 1 15/16""",1,"4""","4""",4860900003 / 4860900004 / 4860900006 / 4860900032 / 4860905003 / 4860905004 / 4860905006 / KO9363B / K09363C / K09363E / 817164 / 4870905004 / 85103370,222061 / HDH010201 / 441105 / CAC110B / KEN16502 / FLX010302 / SRMKW10B / 4401-2509,,,cac
IC042BP,Bar & Plate Powder Coated,Kenworth,T600A / T600 / T800,1994-2006,"28 1/4"" X 27 1/4"" X 1 15/16""",1,"4""","4""",4860900003 / 4860900004 / 4860900006 / 4860900032 / 4860905003 / 4860905004 / 4860905006 / KO9363B / K09363C / K09363E / 817164 / 4870905004 / 85103370,HDH010201BP,,,cac
IC045,Tube & Fin Powder Coated,Kenworth,"W900L, T660, W900, W990",2008-2024,"29 1/8"" X 30 11/13"" X 2 1/2""",1,"4""","4""",N8798001 / N4106001 / N4106002 / W4715001 / W4715002,222223 / HDH010543 / CAC112G / PET17712 / 441274 / FLX010317 / SRMKW12G / 4401-2510,,,cac
IC045BP,Bar & Plate Powder Coated,Kenworth,"W900L, T660, W900, W990",2008-2024,"29 1/8"" X 30 11/13"" X 2 1/2""",1,"4""","4""",N8798001 / N4106001 / N4106002 / W4715001 / W4715002,HDH010543BP,,,cac
IC066,Tube & Fin Powder Coated,Peterbilt / Kenworth,Kenworth T680 X15 Next Generation / Peterbilt 579 X15,2022-2024,"14 3/4"" x 17 7/8"" x 2 3/4""",1,"4""","4""",PY092001,222408 / HDH010826 / CAC574 / PET17724 / 441245,,,cac
IC066BP,Bar & Plate Powder Coated,Peterbilt / Kenworth,Peterbilt 579 X15 / Kenworth T680 X15 Next Generation,2022-2024,"14 3/4"" x 17 7/8"" x 2 3/4""",1,"4""","4""",PY092001,HDH010826BP,,,cac
IC049,Tube & Fin Powder Coated,Peterbilt,379 Conventional Cab,1989-1993,"24 15/16"" X 26 7/16"" X 2 1/2""",1,"4 1/2""","4 1/2""",0516673 / 0516674 / 0517631 / 0516904 / 0517631 / 1E3293 / 1E3390 / 1E3447 / 1E3484 / 1E4836 / 2312444 / 1E3267G / 1E3267 / 1E3216 / 1E3018 / 1E3012G / 1E3012 / 05-17631,222099 / HDH010191 / 4401-3801 / 441104 / CAC102 / PET17701 / SRMPB21A / FLX010505,,,cac
IC049BP,Bar & Plate Powder Coated,Peterbilt,379 Conventional Cab,1989-1993,"24 15/16"" X 26 7/16"" X 2 1/2""",1,"4 1/2""","4 1/2""",0516673 / 0516674 / 0517631 / 0516904 / 0517631 / 1E3293 / 1E3390 / 1E3447 / 1E3484 / 1E4836 / 2312444 / 1E3267G / 1E3267 / 1E3216 / 1E3018 / 1E3012G / 1E3012 / 05-17631,HDH010191BP,,,cac
IC050,Tube & Fin Powder Coated,Peterbilt,"379 Conventional Cab, 357, 377, 378, 385, 386",1994-2007,"33 12/16"" X 30 3/13"" X 1 15/16""",1,"4""","4""",0518730 / 0518731 / 1E3316 / 1E3816 / 1E5635 / F316049 / 331009 / 357379 / 3E7747,222101 / HDH010189 / 4401-3809 / 441114 / CAC100 / PET17703 / FLX010504 / SRMPB20B,,,cac
IC050BP,Bar & Plate Powder Coated,Peterbilt,"379 Conventional Cab, 357, 377, 378, 385, 386",1994-2007,"33 12/16"" X 30 3/13"" X 1 15/16""",1,"4""","4""",0518730 / 0518731 / 1E3316 / 1E3816 / 1E5635 / F316049 / 331009 / 357379 / 3E7747,HDH010189BP,,,cac
IC051,Tube & Fin Powder Coated,Peterbilt / Kenworth,"Peterbilt 386, 384, 389 / Kenworth T440, W900, T800, T400",2008-2021,"34 7/16"" X 30 1/2"" X 1 15/16""",1,"4""","4""",N4404001 / N8787001 / V8196001 / W6928001 / N4404002 / N8787002 / W6928002,222236 / HDH010547 / CAC318 / PET17711 / 441312 / FLX010515 / SRMPB20G / 4401-3812,,,cac
IC051BP,Bar & Plate Powder Coated,Peterbilt / Kenworth,"Peterbilt 386, 384, 389 / Kenworth T440, W900, T800, T400",2008-2021,"34 7/16"" X 30 1/2"" X 1 15/16""",1,"4""","4""",N4404001 / N8787001 / V8196001 / W6928001 / N4404002 / N8787002 / W6928002,HDH010547BP,,,cac
IC052,Tube & Fin Powder Coated,Peterbilt / Kenworth,"Peterbilt 389, 367, 388, 377, 378, 385, 386 / Kenworth W990, W900, W900B",2008-2021,"37 1/3"" X 33 3/8"" X 1 15/16""",1,"4""","4""",N4101001 / N4101002 / N8786001 / P3059001 / P3998001 / P9443001 / W6926001 / W6926002 / 2214074 / 2215225,222239 / HDH010556 / CAC319 / 441279 / PET17715 / FLX010518 / SRMPB20K / 4401-2517,,,cac
IC052BP,Bar & Plate Powder Coated,Peterbilt / Kenworth,"Peterbilt 389, 367, 388, 377, 378, 385, 386 / Kenworth W990, W900, W900B",2008-2021,"37 1/3"" X 33 3/8"" X 1 15/16""",1,"4""","4""",N4101001 / N4101002 / N8786001 / P3059001 / P3998001 / P9443001 / W6926001 / W6926002 / 2214074 / 2215225,HDH010556BP,,,cac
IC053,Tube & Fin Powder Coated,Peterbilt / Kenworth,"Peterbilt 367, 567, 365, 355 / Kenworth T800, T660",2007-2024,"37 1/3"" X 30 3/13"" X 1 15/16""",1,"4""","4""",N4098001 / N4098002 / N7763001 / N9386001 / U8192001 / W6925001 / W6925002 / 1030531 / BHTU8192001,222243 / HDH010566 / 441314 / CAC322 / PET17714 / FLX010516 / SRMPB20H / 4401-2512,,,cac
IC053BP,Bar & Plate Powder Coated,Peterbilt / Kenworth,"Peterbilt 367, 567, 365, 355 / Kenworth T800, T660",2007-2024,"37 1/3"" X 30 3/13"" X 1 15/16""",1,"4""","4""",N4098001 / N4098002 / N7763001 / N9386001 / U8192001 / W6925001 / W6925002 / 1030531 / BHTU8192001,HDH010566BP,,,cac
IC054,Tube & Fin Powder Coated,Peterbilt / Kenworth,"Peterbilt 587, 579, 579Epic, 367, 387 / Kenworth T880, 880S, T680, T800, T2000 ",2008-2021,"37 7/16"" X 26"" X 1 15/16""",1,"4""","4""",N1215001 / N4095001 / N4095002 / N8985001 / CV577001 / M4127000 / M4127001 / W6924001 / W6924002,222281 / HDH010565 / CAC320 / PET17718 / FLX010517 / SRMPB20J / 4401-3815 / 441313,,,cac
IC054BP,Bar & Plate Powder Coated,Peterbilt / Kenworth,"Peterbilt 587, 579, 579Epic, 367, 387 / Kenworth T880, 880S, T680, T800, T2000 ",2008-2021,"37 7/16"" X 26"" X 1 15/16""",1,"4""","4""",N1215001 / N4095001 / N4095002 / N8985001 / CV577001 / M4127000 / M4127001 / W6924001 / W6924002,HDH010565BP,,,cac
IC061,Tube & Fin Powder Coated,Peterbilt / Kenworth,"Peterbilt 579 / Kenworth T880 X15, T880 MX13, T680 X15",2018-2024,"37 3/13"" X 21 12/16"" X 1 15/16""",1,"4""","4""",HK186001 / LH821001,222370 / HDH010796 / FLX010328 / KEN16513 / CAC324,,,cac
IC061BP,Bar & Plate Powder Coated,Peterbilt / Kenworth,"Peterbilt 579 / Kenworth T880 X15, T880 MX13, T680 X15",2018-2024,"37 3/13"" X 21 12/16"" X 1 15/16""",1,"4""","4""",HK186001 / LH821001,,,,cac
IMS-130,Copper/Brass Radiator,Ford,"Falcon Futura, Falcon Sedan, Mustang",1963-1965,"16 7/16"" x 17 3/16"" x 1 3/4""",3RB,"1 1/2""","1 3/4""",Yes,No,"C4ZE8005B, C4AE8005G2, C4DE8005C",DPI 130,automotive_cb
IMS-332,Copper/Brass Radiator,Chrysler,"300, Imperial",1966-1970,"17 9/16"" x 26 1/16"" x 1 3/4""",3RIMS,"1 1/2""","1 3/4""",Yes,No,2582962 / 2785931 / 2998970 / 3949040,DPI 332,automotive_cb
IMS-340,Copper/Brass Radiator,Ford,Mustang,1967-1970,"16 7/16"" x 20 5/16"" x 1 1/8""",2RIMS,"1 1/2""","1 3/4""",Yes,No,,DPI 340,automotive_cb
IMS-390,Copper/Brass Radiator,Ford,"Elite, Gran Torino",1973-1976,"28 5/16"" x 19 1/2"" x 1 3/4""",3RB,"1 1/2""","1 1/2""",Yes,No,D2OE8005CC / D2OE8005DB / D2OE8005LB / D2SE8005AB / D2SE8005CA / D2SE8005DA / D3OE8005DC / D3OE8005GC,DPI 390,automotive_cb
IMS-401,Copper/Brass Radiator,Ford,"Country Sedan, Country Squire",1973-1977,"29 13/16"" x 19 1/2"" x 1 3/4""",3RB,"1 1/2""","1 1/2""",Yes,No,D3AE8005AC / D3AE8005BC / D4VF8005AA / D5VH8005AA,DPI 401,automotive_cb
IMS-477,Copper/Brass Radiator,Others,Pontiac Firebird,1970-1981,"27 13/16"" x 18 1/2"" x 2 7/16""",4RB,"1 1/2""","1 9/16""",Yes,No,20017 / 3027947 / 3043209,DPI 477,automotive_cb
IMS-478,Copper/Brass Radiator,Chevrolet,Corvette,1973-1976,"27 13/16"" x 18 1/2"" x 2 7/16""",4RIMS,"1 1/2""","1 3/4""",No,No,3030132 / 3030199 / 3030201,DPI 478,automotive_cb
IMS-499,Copper/Brass Radiator,Chrysler,Chrysler Valiant / Dodge Dart 360,1973-1979,"27 13/16"" x 18 1/2"" x 1 1/8""",4RB,"1 1/2""","1 3/4""",Yes,No,,DPI 499,automotive_cb
IMS-559,Copper/Brass Radiator,Ford,Bronco,1980-1984,"21 15/16"" x 20 7/8"" x 1 1/8""",2RB,"1 1/2""","1 3/4""",Yes,No,E0TH8005AUB / EOTH8005ATB / E0TH8005UA / E1TH8005AA,DPI 559,automotive_cb
IMS-774,Copper/Brass Radiator,Chevrolet,"R2500 Cheyenne, R2500 Silverado, R2500 Suburban",1989-1991,"34 5/16"" x 20 11/16"" x 2 7/16""",4RB,"1 1/4""","1 9/16""",Yes,No,52450273 / 52450275,DPI 774,automotive_cb
IMS-847,Copper/Brass Radiator,Ford,"E-100, E-250",1975-1980,"21 5/16"" x 30 5/16"" x 2 7/16""",4RIMS,"1 1/2""","1 3/4""",Yes,No,E3UH8005AXA / E9UZ8005D / D5UA8005UA / E3UA8005AKA,DPI 847,automotive_cb
IMS-922,Copper/Brass Radiator,Dodge,D100,1979-1987,"18 5/16"" x 25 1/2"" x 1 1/8""",2RB,"1 1/2""","1 1/2""",Yes,No,4089366 / 4140241,DPI 922,automotive_cb
IMS-1079,Copper/Brass Radiator,Dodge,"D250, D350, W250, W350",1989-1993,"16 7/8"" x 30 5/16"" x 1 1/8""",2RB,"1 3/4""","1 5/16""",No,No,52006785 / 4428169,DPI 1079,automotive_cb
IMS-1166,Copper/Brass Radiator,Ford,"F Super Duty, F-150, F-250",1983-1996,"15 7/8"" x 37 5/8"" x 2 5/8""",4RIMS,"1 3/4""","2""",Yes,No,E3TH8005XA / E3TH8005XC / E8TH8005EA / E8TH8005FA / E8TZ8005B / E9TH8005KA / F2TZ8005AA,DPI 1166,automotive_cb
IMS-1198,Copper/Brass Radiator,Dodge,"D250, D350, Ramcharger",1989-1993,"26 1/8"" x 20 7/8"" x 1 3/4""",3RB,"1 3/4""","1 5/16""",No,No,C3940493 / 52028221,DPI 1198,automotive_cb
IMS-1364,Copper/Brass Radiator,Chevrolet,"Blazer Cheyenne, Blazer Silverado, C2500 Cheyenne",1992-1993,"34 3/16"" x 20 11/16"" x 1 3/4""",3RB,"1 3/4""","1 3/4""",Yes,No,52458844,DPI 1364,automotive_cb
IMS-1448,Copper/Brass Radiator,Ford,E-350,1992-1996,"21 1/2"" x 30 5/16"" x 1 3/4""",3RIMS,"1 1/2""","1 3/4""",Yes,No,F2UH8005AE / F2UH8005AD / F2UZ8005A / F5UH8005AE,DPI 1448,automotive_cb
IMS-1463,Copper/Brass Radiator,Ford,Falcon,1960-1965,"16 7/16"" x 17 3/16"" x 1 3/4""",3RIMS,"1 1/4""","1 1/4""",Yes,No,C4ZE8005U / C4DE8005H / C4DE8005M,DPI 1463,automotive_cb
IMS-944,Copper/Brass Radiator,Toyota,"Pickup DLX, SR5",1979-1983,"14 15/16"" x 20 7/8"" x 1 1/8""",2RB,"1 3/8""","1 3/8""",No,No,1640031640 / 1640034290,DPI 944,automotive_cb
12417,Plastic/Aluminum Radiator,Buick,"Buick Allure, LaCrosse / Chevrolet Impala",2004-2009,"30 1/2"" x 14 1/8"" x 5/8""",1,"1 5/16""","1 5/16""",Yes,No,10324030 / 15140506,DPI 2710,automotive_pa
2235-LP5,Plastic/Aluminum Radiator,Cadillac,Escalade,1996-2014,"34 1/16"" x 17 1/4"" x 1""",1,"1 5/16""","1 9/16""",Yes,Yes,15124631 / 15143107 / 15189402,DPI 2370,automotive_pa
5239-P,Plastic/Aluminum Radiator,Cadillac,Cadillac Escalade / Chevrolet Silverado,1999-2013,"28 1/4"" x  17 1/4"" x 1""",1,"1 5/16""","1 9/16""",Yes,No,52486600 / 52486601,DPI 2334,automotive_pa
6220-LP5,Plastic/Aluminum Radiator,Cadillac,Escalade,1999-2014,"34 1/16"" x 17 1/4"" x 1""",1,"1 5/16""","1 9/16""",Yes,No,52486597 / 52486598 / 52487603,DPI 2423,automotive_pa
2262-LP,Plastic/Aluminum Radiator,Chevrolet,"Blazers, S10",1996-2005,"26 1/4"" x 14 7/8"" x 1""",1,"1 5/16""","1 9/16""",Yes,Yes,52472963 / 52462548,DPI 1826,automotive_pa
12411,Plastic/Aluminum Radiator,Chevrolet,"Blazer, C10",1975-1986,"28 7/16"" x 19 3/16"" x 2 1/4""",1,"1 5/16""","1 5/8""",Yes,No,3030218 / 3030219 / 3036736 / 3036739 / 3050785 / 3058962 / 3058964,DPI 730,automotive_pa
12271,Plastic/Aluminum Radiator,Chrysler,Town & Country,2011-2016,"24 1/16"" x 20 11/16"" x 1 1/4""",1,"1 1/2""","1 1/2""",No,No,,DPI 13063,automotive_pa
7204-M ,Plastic/Aluminum Radiator,Chrysler,"Chrysler Town & Country, Voyager / Dodge Caravan",2005-2007,"30 5/16"" x 16 1/16"" x 1 1/4""",1,"1 1/2""","1 9/16""",No,No,4677523 / 4677523AA / 4677692,DPI 2795,automotive_pa
12540,Plastic/Aluminum Radiator,Chrysler,300/300C,2005-2008,"24 3/16"" x 18 7/16"" x 1 1/4""",1,"1 1/2""","1 7/16""",No,No,5170742AA / 68050126AB,DPI 2767,automotive_pa
7206-L,Plastic/Aluminum Radiator,Dodge,Ram 1500 Laramie,2002-2008,"24 1/8"" x 18 13/16"" x 1""",1,"1 1/2""","1 3/4""",No,No,K52028830AF / K52028830AG / K55056681AC,DPI 2480,automotive_pa
12441,Plastic/Aluminum Radiator,Dodge,Ram 1500,1994-2002,"31 5/8"" x 19 3/16"" x 1 1/4""",1,"1 1/2 ""","1 3/4""",Yes,No,52006491AC / 52006491AB / 52028057AF / 52028057AC,DPI 1552,automotive_pa
4262-LP5,Plastic/Aluminum Radiator,Ford,Ford Explorer / Mercury Mountaineer,2006-2007,"23 1/4"" x 22 3/8"" x 1 1/4""",1,"1 1/2""","1 1/2""",Yes,No,6L2Z8005AD / 8L2Z8005A,DPI 2816,automotive_pa
6219-P5,Plastic/Aluminum Radiator,Ford,Explorer,2007-2010,"23 1/4"" x 22 3/8"" x 1 1/4""",1,"1 1/2""","1 1/2""",Yes,No,7L2Z8005A / 8L2Z8005A,DPI 2952,automotive_pa
12445,Plastic/Aluminum Radiator,Ford,"Excursion, F-150",1998-2005,"26 1/2"" x 29 7/16"" x 1""",1,"1 3/4""","1 3/4""",Yes,No,F81Z8005FA / 3C3Z8005FA / F81H8005GA,DPI 2170,automotive_pa
12491,Plastic/Aluminum Radiator,Ford,"F-250, F-350, F-59, F-Super",1995-1997,"23 5/8"" x 29 13/16"" x 2 1/4""",1,"1 3/4""","1 3/4""",Yes,No,,DPI 1725,automotive_pa
277,Plastic/Aluminum Radiator,Jeep,"Cherokee Briarwood, Classic",1991-2001,"30 7/8"" x 10 9/16"" x 1 1/4""",1,"1 1/4""","1 1/2""",Yes,No,52079628AC,DPI 1193,automotive_pa
2216,Plastic/Aluminum Radiator,Jeep,Grand Cherokee,1999-2004,"23 9/16"" x 21 9/16"" x 1""",1,"1 1/2""","1 1/2""",Yes,No,52079428 / 52079428AB / 52079428AC,DPI 2262,automotive_pa
5213-LP,Plastic/Aluminum Radiator,Jeep,Liberty,2001-2008,"19 15/16"" x 20"" x 1""",1,"1 1/2""","1 13/16""",Yes,No,52079729AA / 52079729AB / 52079729AC,DPI 2481,automotive_pa
8299-CM,Plastic/Aluminum Radiator,Jeep,Wrangler,2007-2018,"21 7/8"" x 20"" x 1""",1,"1 1/2""","1 1/2""",No,No,55056633AA / 55056633AB / 68143886AA,DPI 2957,automotive_pa
12455,Plastic/Aluminum Radiator,Jeep,Commander,2006-2010,"23 1/8"" x 20"" x 1""",1,"1 1/2""","1 13/16""",No,No,55116849AC / 55116849AB,DPI 2839,automotive_pa
223-LC,Plastic/Aluminum Radiator,Acura,Acura EL / Honda Civic,1992-2000,"13 13/16"" x 13 3/4"" x 7/8""",1,"1 1/8""","1 1/8""",Yes,No,19010P01004,DPI 1290,automotive_pa
12492,Plastic/Aluminum Radiator,Acura,Acura MDX / Honda Pilot,2001-2004,"19 11/16"" x 30 1/4"" x 5/8""",1,"1 1/4""","1 1/4""",Yes,No,19010-PGK-A51,DPI 2417,automotive_pa
1209-LC,Plastic/Aluminum Radiator,Honda,Honda Accord,1998-2002,"14 13/16"" x 26 11/16"" x 5/8""",1,"1 1/4""","1 1/4""",Yes,No,19010PAAA01 / 19010PAAA02,DPI 2148,automotive_pa
12241,Plastic/Aluminum Radiator,Honda,"Honda Passport / Isuzu Rodeo, Amigo",1998-2004,"16 7/8"" x 23 15/16"" x 1""",1,"1 1/2""","1 1/2""",Yes,No,8973547650 / 8524788110 / 8972095530,DPI 2195,automotive_pa
12257,Plastic/Aluminum Radiator,Honda,"Honda CR-V, Element",2002-2006,"15 9/16"" x 28 11/16"" x 5/8""",1,"1 5/16""","1 5/16""",Yes,No,19010-PNB-901 / 19010-PZD-A51,DPI 2443,automotive_pa
12469,Plastic/Aluminum Radiator,Honda,"Honda Pilot EX, LX",2006-2008,"19 11/16"" x 30 1/4"" x 1""",1,"1 1/4""","1 5/16""",Yes,No,19010PVJA51 / 19010PVJA52,DPI 2956,automotive_pa
4273-LC,Plastic/Aluminum Radiator,Nissan,Nissan Altima,2007-2022,"26 3/8"" x 16 1/16"" x 5/8""",1,"1 3/8""","1 3/8""",Yes,No,21410JA00A / 21410ZN50A / 21460JA00A / 21460ZN50B / 21460ZN50A,DPI 2988,automotive_pa
4274-CA,Plastic/Aluminum Radiator,Nissan,Nissan Frontier,2005-2020,"23 5/8"" x 27 1/16"" x 1 1/4""",1,"1 3/8""","1 3/8""",Yes,No,21460EB80A / 21460EB81B,DPI 2807,automotive_pa
272-LC,Plastic/Aluminum Radiator,Toyota,"Toyota Camry, Solara ",1997-2001,"15 3/4"" x 29 1/16"" x 5/8""",1,"1 1/4""","1 1/4""",Yes,No,16400-7A300 / 16400-03150,DPI 1909,automotive_pa
1237-LA,Plastic/Aluminum Radiator,Toyota,"Toyota 4Runner, Pickup",1984 -1995,"15 3/4"" x 19 5/8"" x 1""",1,"1 3/8""","1 3/8""",Yes,No,16400-71081,DPI 945,automotive_pa
2225,Plastic/Aluminum Radiator,Toyota,Toyota Camry,2007-2011,"15 3/4"" x 28 11/16"" x 3/4""",1,"1 5/16""","1 5/16""",Yes,No,16400-0H220 / 16400-0H240,DPI 2917,automotive_pa
11269-CA,Plastic/Aluminum Radiator,Toyota,"Toyota Sequoia, Tundra",2001-2007,"23 5/8"" x 27 1/12"" x 1 1/4""",1,"1 1/2""","1 1/2""",Yes,No,164000F040 / 1640172090 / 164100F040,DPI 2376,automotive_pa
12278-CA,Plastic/Aluminum Radiator,Toyota,Toyota Tundra,2000-2006,"22 5/8"" x 27 1/2"" x 1 1/4""",1,"1 9/16""","1 9/16""",Yes,No,164000F050 / 164000F020,DPI 2321,automotive_pa
287-LC,Plastic/Aluminum Radiator,Hyundai,"Hyundai Elantra, Tiburon",2001-2008,"14 3/4"" x 25 7/8"" x 5/8""",1,"1 5/16""","1 5/16""",Yes,No,2531020110 / 253102C116 / 253102C115,DPI 2387,automotive_pa
12258,Plastic/Aluminum Radiator,Hyundai,Hyundai Santa Fe,2001-2006,"15 3/4"" x 28 1/4"" x 5/8""",1,"1 3/8""","1 3/8""",Yes,No,25310-26000,DPI 2389,automotive_pa